Episode,Reward
1,-121.00442548747961
2,-69.92763278649252
3,-333.4778725257914
4,-104.16004031301657
5,-150.48714134082212
6,-337.8582169195511
7,-351.0065036989224
8,-83.04562875202697
9,-140.61926541232253
10,-389.52977290758156
11,-239.78457592618682
12,-471.4619426372583
13,-136.57090496770843
14,-176.58490874995002
15,-442.6775712236916
16,-250.91889863800813
17,-487.75100157510053
18,-137.7540209984079
19,-270.8030346327198
20,-271.5062028644627
21,-75.45995460266144
22,-130.34593445757673
23,-93.47156291632696
24,-484.2894543108286
25,-104.26217625084651
26,-126.01969596232296
27,-55.41599084529961
28,-131.01721013712
29,-92.22480607585521
30,-97.32177496391108
31,-101.12168037959273
32,-111.48745449913284
33,-164.1879836091565
34,-128.1316268312009
35,-141.34767408162844
36,-221.55055067414253
37,-98.88313296154072
38,-165.89058158377318
39,-48.976907293792536
40,-82.20087782230388
41,-139.57713521944706
42,-226.221709466253
43,-220.99724158296362
44,-114.23221393732751
45,-70.8214398066462
46,-84.32954418026128
47,-78.0335715436382
48,-112.25660557096003
49,-91.96866857606061
50,-105.22466983124242
51,-97.11320925630105
52,-95.9050314349265
53,-124.12476334941515
54,-88.00486157985551
55,-204.63514406375646
56,-78.34806022598539
57,-69.73352673386331
58,-161.9099206195259
59,-62.044808019107236
60,-9.022880416182531
61,-106.03320125618117
62,-127.12111027299835
63,-66.00584392308375
64,-56.6056704922309
65,-76.55196066693713
66,-69.98204826479018
67,-45.443674891047934
68,-51.28424427605509
69,-107.58623333655939
70,-108.64193888121703
71,-69.11679595285352
72,-103.5406907012997
73,-122.50978049849942
74,-97.53923019997988
75,-90.03485128231188
76,-124.15869700395635
77,-48.45044326961052
78,-81.21606491327942
79,-99.6677261619547
80,-51.19307797071234
81,-90.67825858107739
82,-74.70465076849655
83,-47.16416754442564
84,-101.30886054873875
85,-221.24386840789907
86,-90.06844059580362
87,-77.93319717266108
88,-53.89020699699892
89,-53.956032264230174
90,-91.77600568454656
91,-161.6570540767848
92,-9.714525689337677
93,-61.322374805905376
94,-118.2318476875422
95,-66.341637072663
96,-63.817370281415265
97,-95.26077634016029
98,-84.20056478809012
99,-172.61236327082457
100,-52.199123898228805
101,-102.33968293872513
102,-112.46943355040055
103,-104.29895885225102
104,-65.01641113044613
105,-5.84353809358241
106,-58.82061688051669
107,-62.99669667120352
108,-1.7672142270153728
109,-70.78561341452647
110,-96.97548821938256
111,-19.36909341498415
112,-89.4587544134202
113,-28.539863753216352
114,-89.97399686552535
115,-67.0251784522623
116,-80.19738953134052
117,-109.23992123259947
118,-107.53111569178701
119,23.815681568215382
120,-65.21239131671359
121,-51.10049010066004
122,-26.325766461282626
123,69.5824326054672
124,-77.16686564243093
125,-111.23852271604153
126,22.167950762017185
127,-12.41909574189944
128,-60.62672365153076
129,-2.0878317422810824
130,-77.18166227700598
131,-119.4656155242874
132,-91.21511212956096
133,-71.59441493320315
134,-90.09425328769458
135,24.539300117334605
136,-53.71547299855963
137,-97.19677173031846
138,-72.67936163740825
139,11.363262585958566
140,-164.297571959405
141,-50.05703219349121
142,9.450968564598426
143,-50.4159274208221
144,-60.27498062343878
145,-91.24526441091814
146,-57.9990210621683
147,-30.165350483675937
148,-218.13757436789342
149,-85.51365269587463
150,-69.88413439020266
151,-91.2901086950348
152,-7.430810132467602
153,-43.53641669346427
154,-31.500135208643012
155,-128.30532128697422
156,-83.63394035464205
157,-3.0827834686056548
158,-10.513021267387352
159,-57.33191239711495
160,-76.85865086896086
161,48.65572643183921
162,12.302121417060178
163,16.5959137830243
164,15.047768267867653
165,-205.43810567187455
166,-19.18378593848179
167,-56.27581965573427
168,-18.772904300289753
169,-54.221305647074225
170,-6.059001767636232
171,19.56269598825213
172,-14.499838953850997
173,-74.0422463059131
174,-112.14395188815598
175,-177.02985780389548
176,-20.62812480135632
177,-57.84462325685849
178,-11.550835244997474
179,18.770894217829337
180,-50.46011891314615
181,8.475944123252674
182,24.90530892448561
183,-35.53723899283195
184,-82.5900686516118
185,-38.687971055784075
186,-50.77370020385659
187,-9.15694293722477
188,10.654616254613117
189,-21.97758223852352
190,31.064954704347798
191,-46.972429225977805
192,11.97630326373508
193,147.87950711099867
194,19.684014030388074
195,40.5795809860206
196,-78.6788583110376
197,10.007592567806764
198,-29.78358795930717
199,5.662701602359874
200,-104.4053304573051
201,-27.539496012843756
202,-21.63606919370362
203,15.855033679074145
204,-126.89728080753812
205,-7.412954131887453
206,-3.5983774088435867
207,-77.88285557258456
208,-28.459871189429705
209,22.172705134488794
210,14.810402751758232
211,21.253319364942218
212,-25.40060193833279
213,-6.321628843332711
214,64.93046069918125
215,95.87668652155435
216,-108.58354851892108
217,-35.98089142977453
218,46.9949049100621
219,-11.408681474698142
220,25.521072477480438
221,-7.265543903422471
222,-2.0071710005486123
223,22.334915735145806
224,28.12551767121613
225,-15.491908065176741
226,-7.105203592438116
227,4.289314451396618
228,63.70832832008931
229,59.48280315774128
230,-10.553136131152165
231,75.55361915676933
232,-56.735558605583954
233,-8.28873744623894
234,7.8442168775668835
235,27.02732070252732
236,-34.41571833544235
237,-4.36009009757517
238,22.14736283327991
239,-53.796517347643
240,-27.421898380260018
241,94.87785763119054
242,-16.902831322509705
243,33.5953530569699
244,61.85213040099321
245,-95.12316621570979
246,62.543749173988815
247,57.48819120976933
248,81.48183428287109
249,54.85541747078823
250,89.80767287358076
251,85.79363825590497
252,-296.7626084803492
253,100.2625980747211
254,66.27095397535959
255,59.93960338304471
256,-154.3374502927379
257,101.41734343133831
258,76.3132040674521
259,85.52413424312027
260,102.759628094001
261,-131.1078181319836
262,71.36143478991359
263,-241.00854488664632
264,88.83591809475551
265,90.3537523723685
266,85.75022562773943
267,101.6526600788111
268,-166.69658542700486
269,109.03027820158887
270,-335.3458673682225
271,98.09299572249918
272,-193.38979174877767
273,54.61314999824939
274,112.0196025453389
275,93.742215078314
276,49.64051146885281
277,118.64440141306554
278,126.228069334121
279,78.110407489316
280,15.117024093541692
281,80.17968792558126
282,64.19038995847512
283,143.11703584208632
284,81.2131499849124
285,15.076238847369728
286,46.034060005038704
287,117.75533591752172
288,3.5587273047078725
289,102.20537258142062
290,58.80578548842293
291,50.092156051551974
292,132.83004198993362
293,134.94372702271738
294,102.1394659234925
295,-4.815555228144802
296,99.30624377159111
297,110.37817954346065
298,87.45565126462826
299,118.4004087384805
300,80.58221439702082
301,0.934784393268373
302,91.43363078246094
303,108.57596108481634
304,127.51791982125691
305,-48.536819959125154
306,46.2308328534737
307,37.62854512723213
308,113.84620792692259
309,82.16274711673427
310,71.50211026992541
311,-66.8603040124828
312,19.17917092445135
313,68.86619691203356
314,62.52605630237263
315,6.5429521645187965
316,-12.964128124643977
317,153.24490782199524
318,81.71033462487433
319,88.39017123917472
320,78.04365638090849
321,151.60195553783663
322,75.32504133278155
323,210.18057249529667
324,160.73500202394766
325,99.66164345695566
326,12.268586668167218
327,104.45946848146406
328,60.44596659304885
329,161.52808264509372
330,291.05297732015
331,158.92469057445356
332,61.85234537817361
333,111.61218509544564
334,105.48932247956365
335,125.58437942757763
336,121.42248547027978
337,220.71865512158843
338,21.12401234726815
339,7.0463752002055315
340,13.348001608051106
341,174.91867952763732
342,268.3542733571488
343,251.88988776070025
344,257.3196207206418
345,280.179587019329
346,127.38962929212798
347,251.41273371181697
348,261.9382443494886
349,251.66136141703151
350,202.94799453680102
351,227.3126972244915
352,94.82103822797244
353,159.56479201764006
354,139.48446718935088
355,233.05159123974067
356,173.6752159517817
357,156.07319585431154
358,250.45177011303687
359,128.8307762408847
360,215.9111702597941
361,-37.89528961454209
362,9.513518942814713
363,92.22858158025278
364,160.9206195753398
365,260.9205586401914
366,21.73510115199676
367,151.3528482171094
368,237.1734163345103
369,94.5684106932504
370,53.20974856347783
371,261.97705714810365
372,274.4501969933953
373,44.41864334483361
374,248.76866649575913
375,116.76949292241038
376,214.34348840186857
377,51.320007436225026
378,215.68552845622696
379,256.9673286639247
380,27.705484432043022
381,238.40838396413787
382,31.96233139785022
383,277.8945288317411
384,-3.700088758668329
385,244.71885678361906
386,238.51960111238205
387,60.110410993836055
388,135.55761089149718
389,16.439784141156807
390,228.59203451199122
391,197.2048097375624
392,103.90510537455192
393,223.74103066879908
394,197.85325292947576
395,240.2537210519414
396,-12.579072858323556
397,204.4075693405287
398,232.72726547927164
399,28.522429098179742
400,263.9530034918628
401,207.7323107799577
402,212.69886168603
403,235.50923467098013
404,220.665597306868
405,254.2178949149457
406,241.730392562868
407,179.4873430427837
408,-364.46475924164946
409,239.68297701252678
410,96.67672742527286
411,271.40003467617817
412,4.78535971245141
413,173.3248763000724
414,306.7848151750644
415,224.36375779156458
416,225.1748303590632
417,-37.71551642796299
418,-184.4475623144856
419,200.307107353912
420,266.9802750957986
421,234.14392407778683
422,-6.946126061339246
423,236.9651462934345
424,269.50284994891376
425,255.11796161051578
426,243.50029985906104
427,172.52042839338327
428,218.05795053772943
429,228.46557262918654
430,233.50685501140427
431,90.24466054556137
432,211.40758367136164
433,231.37240661859062
434,217.31735926552219
435,-24.757429904626918
436,205.94639673723736
437,219.1640547382778
438,210.1617109066105
439,274.9538534676528
440,200.6192775878655
441,193.14991488014016
442,46.507461419159995
443,217.70839015076623
444,251.09027009585293
445,221.92623447515112
446,202.78406125190173
447,228.5007161463506
448,218.93783482761808
449,216.03476173606686
450,248.20875357172656
451,230.52623868900574
452,287.1730087489153
453,253.7781075248149
454,264.38354560896227
455,271.25041798892823
456,252.44685478630254
457,220.08257412944943
458,268.4166933271782
459,-1520.7794336543404
460,232.6283741508084
461,184.49974849434096
462,258.2187965291203
463,48.616837765275584
464,255.52060155035326
465,39.08525937740694
466,188.39924682325707
467,243.72942164331567
468,223.03396991339807
469,204.73112035686432
470,190.76137744604057
471,246.5483282280089
472,266.8645850945941
473,199.24188717372084
474,273.5040060747589
475,220.31935318901088
476,306.6568187661294
477,221.79487599134956
478,238.10788802445052
479,188.2675636760862
480,99.75997394956829
481,233.1445822841035
482,255.22383280333418
483,255.80945996976985
484,235.87592981984704
485,212.66277756146127
486,199.24286387573636
487,249.63804522197094
488,236.6398541776713
489,218.83199473407012
490,235.03138792113458
491,250.80361928908124
492,206.83121099074822
493,-344.808515868399
494,231.51402881802778
495,263.70603723981264
496,254.6255380190166
497,228.9542017365203
498,223.10550413862984
499,191.2885685128162
500,249.00393636128055
501,234.60951540044763
502,183.20844875324332
503,269.1815557145977
504,205.70153122737378
505,236.38948267232314
506,251.82228760518163
507,217.80747146100717
508,252.4884590318281
509,237.8869462832939
510,228.47530653204814
511,259.01680364584695
512,238.40745617488187
513,246.3408510939305
514,221.68300507535133
515,239.87583267382374
516,241.14816634027548
517,251.57146803761208
518,239.24364313345086
519,239.85349753117185
520,245.17021791758822
521,204.39037377471792
522,260.5160343702248
523,129.95601841848963
524,256.0206187718368
525,266.3783138888995
526,235.88654674338562
527,233.5459329965642
528,233.68816711514881
529,19.24105700416939
530,229.72964878342623
531,255.5125073712953
532,250.88487857461928
533,262.8581587405445
534,230.19791936634132
535,-273.5809452372547
536,219.26295808902773
537,218.4849539002529
538,225.66866069605777
539,253.81250700383518
540,250.54092806864162
541,232.68759466638676
542,227.6062108238541
543,270.5891644572861
544,260.1856237025069
545,235.4939880631089
546,217.85896972746474
547,228.94065402229506
548,210.97937949999772
549,240.44923469869053
550,82.64329098692403
551,250.0341844116091
552,184.4712570961811
553,226.8206292556945
554,228.8963426190149
555,-94.39291337057003
556,281.0763146000828
557,-197.21010579525858
558,-185.19035981454778
559,239.29498057167524
560,258.06839979857523
561,228.31145875642108
562,231.95431663837422
563,201.6626471952502
564,231.0863584530403
565,209.75952444087778
566,233.99823258065499
567,219.96721518432832
568,241.76047352264868
569,265.9424917648604
570,251.83222620917974
571,234.10730795471284
572,269.3715612709969
573,226.34689224183504
574,259.89331921323435
575,-263.73410172500996
576,189.5442898659286
577,285.6078870921792
578,248.14347719855076
579,260.7648675227836
580,259.4553939014784
581,230.83199894400832
582,230.9585608719663
583,234.96810463039344
584,276.54606097630585
585,240.45345794493304
586,255.8105055144756
587,204.22533357714775
588,242.22422295016554
589,264.1054394381541
590,219.3509529984478
591,226.85481902221755
592,251.0698804305688
593,216.99213717963897
594,247.17354399953183
595,241.20933126856463
596,244.48251097420854
597,244.71146073523806
598,223.3840598847443
599,222.875644748388
600,226.276215505165
601,203.9415116734292
602,253.9081212752085
603,288.12471076695863
604,222.96943549065452
605,270.78706975380567
606,241.84126977971766
607,237.6093811232859
608,240.10334142041603
609,240.80980123224077
610,256.5275645775623
611,270.57492929720684
612,261.3494966954569
613,235.6971739142628
614,249.1370876575436
615,251.24134499488844
616,240.6192309122198
617,257.9784996577468
618,197.396346073983
619,204.1195760857451
620,223.64125319791492
621,249.61460198461566
622,260.82651115833596
623,274.1408346321173
624,237.3359766958431
625,250.3616494271338
626,216.06990819516326
627,215.70662932769508
628,222.69230778633073
629,211.52737981537274
630,258.7115855894425
631,307.6307765026859
632,228.28680463614995
633,248.37296376696068
634,269.8656641308172
635,238.4202568429102
636,189.47135655839946
637,255.03237156200953
638,173.32293326095646
639,254.0106923012164
640,188.53480152677434
641,223.31664261250006
642,217.78202427165198
643,185.5385221822218
644,240.40299809297656
645,290.2498187432599
646,236.17697735910315
647,194.25886770397318
648,237.89692388135927
649,174.58970340971635
650,256.8672975436927
651,226.78428809664229
652,242.91561692371656
653,46.460751971699224
654,249.10843888900553
655,236.07351384498375
656,252.73439344664524
657,261.64152163400587
658,281.7726602585915
659,156.24853023102895
660,204.93737508128515
661,239.53897346203297
662,263.3013956134739
663,205.21890952458267
664,226.27386035821758
665,256.75339966394745
666,254.06622822161717
667,212.9532110184568
668,235.76374473096195
669,278.019450991635
670,237.54683234317818
671,206.36065977756942
672,219.22394152387722
673,236.1014508704145
674,232.90338200240245
675,266.8389399119842
676,287.8215296588538
677,286.1399442080531
678,252.31225842153546
679,245.8788610212502
680,284.37140634062155
681,232.79360786867088
682,252.38039318135026
683,257.49143010356806
684,250.10264858526844
685,257.77795150162217
686,237.10616024863916
687,305.2700420206909
688,240.80516072257558
689,259.7787500016185
690,260.43268055092904
691,234.51656925323257
692,262.59893306108034
693,240.56794970913734
694,270.6952507588377
695,222.55898631080464
696,248.13213159423083
697,246.76161615120046
698,213.12090898973628
699,270.52007685767296
700,257.62651901262007
701,271.1342172712917
702,252.9942695878639
703,253.86652336634796
704,235.54974958780656
705,-83.91838363081321
706,261.24535535836844
707,293.4601576413575
708,260.80399167082476
709,270.2902787663411
710,289.84439551229224
711,254.06978838194647
712,273.30238915168036
713,255.47600903777683
714,269.527173997791
715,-275.22964844386576
716,267.6872981509318
717,244.62212897391572
718,276.32408364371963
719,305.3623663218401
720,294.0960684614712
721,251.3378881174587
722,275.8186135449377
723,254.6867349246723
724,219.03485385760234
725,276.32498149258936
726,204.27906249469982
727,250.93267326917368
728,242.3006201782589
729,206.3474961969371
730,298.4201455818712
731,285.1673959250404
732,266.6126313701675
733,262.3822090212632
734,276.3263428869707
735,249.0706535341628
736,271.2786377095606
737,263.8616629010353
738,272.70214780320214
739,277.546831896946
740,259.3882553417295
741,278.1649501594102
742,239.69932480081977
743,273.3427960877922
744,250.7743259964743
745,231.11634997950196
746,250.31818628809822
747,236.42075684889252
748,295.6437226062236
749,230.53645471317873
750,18.121612577619203
751,283.6559788303896
752,238.003666843953
753,274.7344239979195
754,282.89037677235785
755,284.26612009855995
756,242.0628518407005
757,244.35641588741794
758,240.53145225648746
759,245.10824298457834
760,255.8744474330595
761,275.0986662916629
762,260.47692240633495
763,251.3156477306607
764,230.21377966260653
765,273.18006364722595
766,270.17549969101367
767,115.72625680669242
768,254.48978609636893
769,283.39279848777767
770,229.46765647454592
771,250.59948167606373
772,288.9037929327332
773,266.52270835716934
774,232.78867971915474
775,266.2486981996391
776,228.38567952223704
777,251.57470374026312
778,249.50484992584887
779,256.18859794454227
780,278.76338243913347
781,276.6628946962239
782,233.37593510475807
783,292.1831737516571
784,249.72743540216865
785,194.03309903725645
786,229.22790581843915
787,297.0910288341565
788,277.8861622715639
789,277.1476193074333
790,237.87358090366962
791,275.9379767786247
792,246.47481885049032
793,246.75785689454554
794,272.92364025702875
795,234.37266471318244
796,207.9816599200646
797,235.22509539930033
798,232.4216291028534
799,248.9460089807365
800,253.86327030776602
801,281.2899258701286
802,237.18003019001117
803,24.751872688254323
804,235.37438440128807
805,274.1206128133564
806,259.6090945959436
807,254.71641363618218
808,81.16187045094439
809,262.11189932787835
810,276.05526184188557
811,-47.85528112148323
812,8.361626923814796
813,255.8300595744049
814,235.43326867591472
815,266.3461494940774
816,270.3202125507444
817,203.78110737470948
818,227.25113643638136
819,271.7650752772559
820,224.88293633360212
821,141.81165398614036
822,246.32640374022296
823,-170.37407211154488
824,260.97608763768744
825,279.8916425263969
826,276.45724911701745
827,220.296499153019
828,249.60099378540897
829,253.23897061517056
830,243.45159113971687
831,268.44834762512664
832,201.54397358412703
833,220.11313983666858
834,206.11495653331644
835,228.3169343871588
836,189.58683889192494
837,218.63857802837677
838,284.5396991831758
839,259.03836025234745
840,184.63610404459254
841,273.4169458210789
842,4.079213046047763
843,215.14320084950256
844,263.86229747954695
845,268.60816080888355
846,259.96152816156314
847,227.9978066881322
848,206.79862383689965
849,197.28293446733687
850,242.21918975088303
851,43.484984216518114
852,265.34651369910523
853,212.77638835461335
854,217.3113269352242
855,263.2023472494959
856,252.31330246562226
857,229.30603330058872
858,298.9167561710849
859,246.33099521334282
860,272.4182754328348
861,254.39604332940056
862,225.07595331544957
863,271.3915309080963
864,231.19451710806032
865,265.2978183242286
866,224.4305343068758
867,259.1250917011396
868,271.6713906043227
869,261.4097031930586
870,280.82690634174367
871,214.84118691084421
872,297.48940211947706
873,294.4654868762922
874,279.61670054332234
875,253.78613166677815
876,274.417565089924
877,225.94097184846106
878,274.46580142359585
879,241.3708928358244
880,245.6731051749721
881,293.0121910269953
882,275.32370030735797
883,278.1524962020581
884,248.38005037326863
885,245.02909085207386
886,239.9117466612477
887,268.2264462347175
888,237.55499238673633
889,256.93911839606227
890,253.09372332988005
891,281.8173486174881
892,227.17503197854998
893,271.1677170579439
894,234.53316155240077
895,278.73899881148253
896,262.97458883825254
897,232.31008747184748
898,209.6894761034058
899,250.5134131251969
900,251.83888380044706
901,267.02427043878663
902,-144.59584104668258
903,226.1948185351801
904,236.51951421682128
905,-86.38840428983283
906,206.3067001942222
907,290.3090949795731
908,258.67751284871247
909,190.28021558313338
910,271.04422948092156
911,219.68932995161663
912,298.4718223089014
913,271.35004568601283
914,277.11135883841933
915,277.5070130063267
916,262.22752383141824
917,270.3537595582475
918,257.5661100712447
919,226.40228001892532
920,256.055115338096
921,219.69421262309623
922,226.92782702964257
923,244.5041731475732
924,258.07086210500955
925,235.25270196219353
926,219.28409634665283
927,243.33125957047451
928,224.6207404760166
929,265.25212834848503
930,255.6788372838677
931,261.9068870586426
932,269.0995024171586
933,207.41227718372576
934,245.12412354173327
935,238.91899946346527
936,276.0074202378829
937,271.9621314664038
938,278.86646082675986
939,244.0998179651674
940,280.5415804221791
941,278.91711393781867
942,239.12872749422644
943,270.81706106173056
944,261.89113704509606
945,277.2998739379294
946,271.4920120599854
947,269.91518264932705
948,285.8490014791249
949,249.6745975071019
950,279.19906989288756
951,293.70217840923885
952,247.207762816031
953,264.31840954157104
954,261.6870152546678
955,265.3397173960003
956,126.20728699571865
957,263.73725375441035
958,255.09446632777255
959,243.41851540787448
960,252.12814987921274
961,223.74769249881516
962,278.9697286866206
963,222.31680281540974
964,249.86784683888988
965,285.0762673936716
966,266.8785855628703
967,269.6707740253287
968,311.54089009102745
969,272.135653292353
970,272.83716281345517
971,234.97566446897
972,264.5761652824257
973,285.4331495709479
974,288.9992122859235
975,297.8200352144315
976,253.6246509320046
977,228.4146362787406
978,255.36598050684776
979,240.9800051904451
980,226.49653370900825
981,261.07046436090434
982,259.9745393826362
983,266.37544428773896
984,260.4936547681325
985,249.68660384438613
986,281.14844867502495
987,282.2043421573063
988,252.8312913726213
989,256.8915224875712
990,272.25801733272897
991,277.412615119291
992,289.2046444803442
993,276.9844915713871
994,277.38959908484804
995,269.2417341759908
996,282.39385858525765
997,308.6288852206901
998,288.458281044449
999,272.4736512598396
1000,255.0464263729172
1001,254.94340543615596
1002,244.6763162290328
1003,250.24550380855885
1004,240.92411914302798
1005,273.1626776311149
1006,261.66493025607224
1007,187.2010864749964
1008,266.31353914110946
1009,280.912109770759
1010,279.38555794776744
1011,213.62987752721563
1012,265.01916046750216
1013,244.9348822615606
1014,262.16278021022674
1015,229.31220451854838
1016,-37.9205350099551
1017,245.74191572468618
1018,-301.62775188437763
1019,304.1318511338173
1020,267.0773305519863
1021,301.61876717219366
1022,245.00520219085948
1023,240.68098817864959
1024,240.51919569028385
1025,247.39748485907108
1026,282.1521351227035
1027,-226.82901616902535
1028,190.38127729778174
1029,263.33803479819403
1030,246.25299542267638
1031,264.9690143197755
1032,271.5328932560294
1033,239.75610921094898
1034,233.89874276877026
1035,258.8893604761431
1036,282.4506304877199
1037,262.76676262256717
1038,231.1161580336381
1039,261.5814764552098
1040,271.7090479946406
1041,247.98652678231107
1042,252.24081710602738
1043,282.31935403753295
1044,263.82306703599977
1045,266.2378968570638
1046,262.3643294528797
1047,226.61425397845312
1048,257.28530356370493
1049,4.728198249793039
1050,259.5696389194594
1051,257.46027178254803
1052,225.90758422691326
1053,256.08857910830267
1054,274.4994999392087
1055,274.7152110151843
1056,226.93556260881894
1057,250.60522053972264
1058,240.89173444194012
1059,275.31867902206443
1060,274.68280061106896
1061,201.95314800538938
1062,257.51176469522835
1063,268.9545922892499
1064,278.8380687674969
1065,265.753601187933
1066,240.35381525094297
1067,261.63928162292456
1068,243.91425266770636
1069,272.17325235633723
1070,276.90394958745065
1071,267.777083732468
1072,290.3588177944178
1073,276.2543264498105
1074,268.0139419402435
1075,230.08101460664966
1076,303.69423277346215
1077,289.79002883045735
1078,237.92709919718885
1079,244.39862556008518
1080,228.5436666451008
1081,228.8287655256097
1082,200.75270464184302
1083,267.03154839895967
1084,279.4176765007803
1085,258.89552672644857
1086,244.320517303782
1087,-590.9533061065086
1088,267.5327087530991
1089,226.1720955179057
1090,240.90578514881756
1091,259.3030676895043
1092,258.1040023269621
1093,288.3855756540704
1094,264.5450734804642
1095,221.79918945549775
1096,276.51442754790617
1097,273.8087237415107
1098,154.2866765447694
1099,241.16425608320083
1100,260.75375083882454
1101,252.6865959951235
1102,236.1028336456303
1103,265.04467244807137
1104,273.84590940419935
1105,-235.18012367301665
1106,273.4481648894693
1107,263.9198455499168
1108,235.19551582819747
1109,249.98753314886477
1110,242.38384819943252
1111,230.07357214770934
1112,224.9873501220872
1113,247.75891562339567
1114,264.05859411353055
1115,258.1720187605405
1116,251.07388792244697
1117,267.87801245228206
1118,240.8675229850699
1119,283.5532595569192
1120,265.20558774330823
1121,253.9963049425886
1122,261.15971944036846
1123,228.20586767977218
1124,298.49912671880236
1125,263.7632398040722
1126,288.57655107450853
1127,252.87410345551362
1128,280.3255230269999
1129,245.4372300936158
1130,296.2716260686191
1131,250.60396023175224
1132,258.0316587641664
1133,215.5371368557809
1134,264.7673341665993
1135,263.4088210407415
1136,267.9379681937231
1137,254.48928839082313
1138,275.9149049389632
1139,26.234968344373016
1140,293.3044964374333
1141,250.9406739690999
1142,262.337540624402
1143,267.2704392291839
1144,-187.25486369718038
1145,245.1641773123821
1146,262.7422036330863
1147,226.7579706181404
1148,262.3063752738424
1149,237.9757463427679
1150,247.72530456654448
1151,277.86465597582105
1152,248.7498274533434
1153,247.99658085291637
1154,292.5591390050224
1155,254.80425220787208
1156,253.6732850082705
1157,243.63901127159383
1158,248.04597142061783
1159,287.69825179966773
1160,267.08737758780615
1161,260.9364091666065
1162,233.85876088838194
1163,294.5905962094185
1164,256.91730420732404
1165,273.09271142401775
1166,174.0833253476407
1167,193.41108837846673
1168,275.58572176975883
1169,286.1425223483874
1170,269.3083437948225
1171,281.64526283402404
1172,255.80319940900412
1173,221.1429168113143
1174,214.15602623879838
1175,286.4887683583053
1176,269.31498855984154
1177,248.20100810803837
1178,257.33596776872486
1179,278.61159852378785
1180,238.5941454832755
1181,232.61221186268043
1182,287.74509911332643
1183,301.8597966957025
1184,273.0160922259142
1185,293.9842635749404
1186,262.62499660991705
1187,216.59269627908657
1188,288.3176163250266
1189,249.14991933491086
1190,287.6401951252062
1191,256.6516753465908
1192,252.2684417855153
1193,286.1452254737198
1194,254.2710432156021
1195,253.00380038991517
1196,265.0896005979307
1197,260.42274509839035
1198,277.2253109603257
1199,261.39038582379334
1200,284.9855114411351
1201,245.12528139760354
1202,250.40847409866493
1203,262.1991434535909
1204,218.77527274413393
1205,260.5971196563612
1206,227.6205138422653
1207,213.71921869940581
1208,246.7432750572519
1209,245.68812630772055
1210,251.50079000005266
1211,257.8694394671153
1212,244.5941542128777
1213,237.88479407107258
1214,250.61309911409498
1215,273.9373645157523
1216,206.4939486308081
1217,252.64162089386252
1218,282.0455546212065
1219,224.78715817497738
1220,238.3997278259955
1221,246.0898332991155
1222,237.27632582257044
1223,270.6012974671032
1224,244.78193196195875
1225,261.6210629255796
1226,279.55607691204943
1227,276.5740999420748
1228,243.3982689746128
1229,238.56671167320255
1230,278.01409024671614
1231,251.60906266275109
1232,270.33278857532537
1233,276.14774696631616
1234,256.8028937034411
1235,270.04571040530504
1236,261.00352451291684
1237,251.68706502290343
1238,259.9101785777883
1239,236.21209571098672
1240,216.95611697126634
1241,257.42123526058333
1242,292.3015009592616
1243,260.9282014266616
1244,260.53251879584013
1245,259.2888698001183
1246,255.0237381187135
1247,234.40069313934643
1248,256.60579286677483
1249,253.09839294816612
1250,272.3491653995293
1251,261.97565944192513
1252,293.56680310547233
1253,258.62265383668756
1254,267.51720887623435
1255,262.2539523622668
1256,268.5745581787457
1257,247.12325555806135
1258,236.35664329029953
1259,249.31396191499385
1260,288.2132262492506
1261,250.20716252074325
1262,218.83999017253112
1263,265.0422948994176
1264,233.29633667627354
1265,234.58400658312158
1266,233.97138434797273
1267,205.71464984085117
1268,266.7420971695372
1269,236.46492341297474
1270,255.69230950322873
1271,261.41732821479593
1272,250.05234915173563
1273,216.8929014554085
1274,294.8968693494842
1275,267.6591302418556
1276,288.09420130418425
1277,263.4425454374832
1278,261.15291421392806
1279,285.80767273655084
1280,246.9072809561076
1281,250.3186224275431
1282,243.91987271436466
1283,255.3797303060908
1284,247.43356425462747
1285,242.8166223229558
1286,249.50587173127593
1287,239.12288071760457
1288,240.4387489504279
1289,252.53663798359213
1290,239.5084159423523
1291,239.3022373719559
1292,283.52230443488304
1293,239.9199836811289
1294,255.47163306390453
1295,247.07541905901516
1296,268.25576480051495
1297,276.9308230493634
1298,272.98892697078895
1299,251.5759067146609
1300,279.6953618217684
1301,244.84331023320394
1302,269.0320242213078
1303,285.9821269213353
1304,18.102638924481553
1305,245.9696336765397
1306,253.48202907286733
1307,250.31130900310762
1308,240.5296938351848
1309,227.8400166488712
1310,193.92323609811612
1311,226.94866363562295
1312,262.4365791968049
1313,242.85340395679185
1314,255.05740858209543
1315,16.737342233524686
1316,236.85685338615266
1317,-0.47287613085595126
1318,226.63458605206077
1319,253.84425336159984
1320,284.59244203852063
1321,236.8011449168975
1322,254.09105881934963
1323,289.84317052413917
1324,292.9969606532913
1325,246.69815176230853
1326,274.4191834610657
1327,261.44917991169825
1328,304.7964232223703
1329,289.43470819933043
1330,286.0173703756208
1331,181.04123302175225
1332,40.15532258845667
1333,289.6687122652661
1334,288.8618937940156
1335,240.0527703410556
1336,211.38025316844693
1337,283.74690709138713
1338,238.0355925478657
1339,260.12022056759776
1340,290.8017015249391
1341,243.5097891691528
1342,274.9813405964901
1343,262.97399871443577
1344,281.5658763287331
1345,290.3255947555001
1346,249.3354390531633
1347,-5.34154331942166
1348,284.8681156281315
1349,13.741222821408911
1350,238.90296943439148
1351,236.03229799864545
1352,294.84477017928447
1353,246.90286854177393
1354,273.23015089697213
1355,267.2576164705854
1356,244.104330245538
1357,264.5169123886308
1358,163.3369296811527
1359,251.76631958194045
1360,257.82144608874205
1361,258.00647901364425
1362,250.38166964280677
1363,255.5720664419336
1364,268.79443043583126
1365,231.78135658498252
1366,253.1934252317311
1367,301.19256863436135
1368,234.32092292939643
1369,275.24540790615816
1370,252.13607329438094
1371,24.760662496108324
1372,293.43993823917674
1373,226.12701902694153
1374,281.30641499673163
1375,244.63168771779306
1376,269.34517573404594
1377,250.50560026483197
1378,273.4125618008358
1379,247.747262176665
1380,290.4191587641657
1381,263.6155584070751
1382,232.03606632546172
1383,255.01609899469065
1384,236.9635750854179
1385,268.4610692493312
1386,285.930159030598
1387,269.111402358051
1388,263.56522063431976
1389,236.03925363559688
1390,253.6823610774233
1391,225.0455174875762
1392,254.3270262029033
1393,254.94956021280174
1394,286.0078610254857
1395,242.8002868722512
1396,267.0433076313684
1397,259.78504386102384
1398,282.1708619101597
1399,259.2625758536834
1400,302.29324386528276
1401,246.75888389400288
1402,287.37389727306436
1403,291.4487380519404
1404,229.41056326575074
1405,252.15821174811944
1406,287.43348875210626
1407,267.54397326724325
1408,291.8615789084593
1409,268.24370096094725
1410,238.16525829972386
1411,265.3205942018395
1412,263.3419587897434
1413,248.24465036011796
1414,214.43251091530038
1415,249.73373488434083
1416,259.445914879478
1417,253.9067706394672
1418,253.7851239739394
1419,256.95861659982563
1420,251.45089671652744
1421,291.7384156168339
1422,234.3638431050005
1423,240.90154080315995
1424,243.80097845266584
1425,240.37611092207655
1426,266.42543576106124
1427,256.05872638742073
1428,237.95865128815018
1429,245.87724141180436
1430,249.8350756766551
1431,241.11437605018097
1432,276.5766928615884
1433,269.0215446974307
1434,259.23139281368975
1435,137.79547669335412
1436,244.78891224914074
1437,237.80395534787243
1438,225.17591771668293
1439,218.91084865310063
1440,269.0852386609199
1441,266.7219540795275
1442,250.31520765016828
1443,221.71848574034385
1444,5.371165106069689
1445,270.2813388039245
1446,274.12634589669324
1447,232.25959029473853
1448,252.71533339394918
1449,-226.4039408881599
1450,228.96155635904725
1451,231.82063052415083
1452,228.51385979691187
1453,243.27484338536797
1454,279.60375398261635
1455,279.8245451353283
1456,286.3556585785334
1457,289.82985095716333
1458,305.67537080692784
1459,247.26907198272556
1460,273.8697241567062
1461,258.9244757173673
1462,247.6908734420766
1463,265.5718646194953
1464,234.27320534683847
1465,245.71596848962218
1466,239.79639523296888
1467,255.5352615385155
1468,262.2323333676255
1469,265.11447984813265
1470,265.0890125314668
1471,231.73353686108936
1472,263.4297723949813
1473,207.8920267779975
1474,262.0476885111518
1475,214.65509921926298
1476,233.81959835821507
1477,238.71234140090547
1478,244.1314887524612
1479,239.1169047627593
1480,282.67510030891833
1481,251.98799184131354
1482,226.77018143587972
1483,292.2000066507724
1484,250.6878512791696
1485,279.9737503503511
1486,247.53810248034424
1487,251.1769474654542
1488,244.17688588201085
1489,235.10265354734472
1490,272.44418793429884
1491,280.3657557736957
1492,218.63429025818883
1493,228.683085476583
1494,275.9101223738955
1495,257.44050422225257
1496,295.6845627528505
1497,251.6214993142792
1498,264.95135401344555
1499,228.76948890845392
1500,225.86796706804915
1501,276.2890702085134
1502,296.60806602024354
1503,257.77202098818907
1504,238.1910121585035
1505,252.4368072689425
1506,226.8360114757426
1507,275.1836521090564
1508,261.83612994668863
1509,241.64650005627794
1510,259.4586020532047
1511,245.51517301892542
1512,253.06381461281612
1513,226.98270381371577
1514,267.06977218975226
1515,258.5509875665032
1516,279.83269159857673
1517,273.3910325188507
1518,258.64428675338075
1519,277.53307710644606
1520,253.79997818013504
1521,279.3742058980044
1522,260.9279117773048
1523,245.5508520241095
1524,251.2093740356599
1525,216.31767795711613
1526,259.12114709208606
1527,265.8930127498386
1528,272.97344680883793
1529,234.55958190371607
1530,204.33090215427617
1531,235.91044346651304
1532,292.8549821991613
1533,303.95213429637914
1534,263.97308902420036
1535,250.40343079017126
1536,228.39508516309394
1537,294.5774204639663
1538,294.63454206324354
1539,289.5816120690235
1540,294.19305605248314
1541,237.75933117692534
1542,269.6465797098788
1543,278.50724333862433
1544,240.96263581538298
1545,248.84826751084606
1546,264.55208175958126
1547,251.78716125578165
1548,254.42346173719886
1549,224.56515606934732
1550,278.4131229880795
1551,279.67729305063887
1552,230.90208156436717
1553,277.93336385619654
1554,248.37790701501234
1555,298.46580082470746
1556,225.84821456970167
1557,263.801409106301
1558,239.09745057717998
1559,281.6726880317711
1560,253.53124709337692
1561,257.6380703605158
1562,257.2590821773267
1563,226.12302812175426
1564,262.732815832657
1565,258.62938773871724
1566,299.47070810167395
1567,-140.80659686656523
1568,253.80723056205872
1569,252.59112128391433
1570,253.64452778653592
1571,272.8028168912118
1572,284.7217986686909
1573,237.63913196585517
1574,-269.43948920596944
1575,262.35640469428324
1576,252.24129710107692
1577,240.76075193757995
1578,243.16403257801264
1579,-546.2997675976262
1580,265.9246736415159
1581,278.2046063673283
1582,226.49526167788534
1583,271.7996230676837
1584,270.305616320981
1585,292.38709734868195
1586,260.82354656424474
1587,263.1993941078663
1588,273.296001772532
1589,248.0701440079256
1590,261.3564565394504
1591,265.18689108984074
1592,247.8139242226949
1593,243.8658211450297
1594,271.7267912746871
1595,268.5307095333279
1596,236.91482220537037
1597,239.01660895436157
1598,241.02851693150677
1599,241.73606079112338
1600,280.18797025863745
1601,242.32844752720365
1602,288.3407819333877
1603,278.76677422107963
1604,270.4023870878594
1605,301.4668380740979
1606,256.66150727694867
1607,225.21324500168572
1608,295.63186603264467
1609,258.1885160996983
1610,264.3761366820456
1611,246.66935968951248
1612,302.0576881250132
1613,249.20135081511708
1614,252.96412792553102
1615,251.81706104088397
1616,251.3285238335333
1617,284.04442264278407
1618,251.4542030704826
1619,230.84018102528836
1620,244.63717075170027
1621,222.64955844261556
1622,253.63636406337758
1623,258.1239503942021
1624,201.10186451366505
1625,215.87476589100322
1626,258.80260806657475
1627,228.1457330543558
1628,200.3955962539203
1629,250.97395111103003
1630,200.56281561143376
1631,225.80241685365695
1632,205.04183543271034
1633,276.261493451548
1634,269.45467739355047
1635,226.59904454512383
1636,265.4313268967868
1637,256.7159810073975
1638,226.57315599355803
1639,252.0757113732491
1640,267.0181216388014
1641,203.0388887985517
1642,249.4352121816378
1643,242.39410164501334
1644,242.36416404906274
1645,260.9232419982356
1646,268.86167603966794
1647,256.8008249549052
1648,189.15615719144296
1649,265.5720757572032
1650,263.68459476206533
1651,243.30885708417944
1652,232.35011636658325
1653,263.6741790762384
1654,253.07908028635558
1655,281.44631021632244
1656,238.7700451818608
1657,226.88660660517394
1658,261.644825974256
1659,253.85620813143214
1660,244.4983190758431
1661,265.9265695413076
1662,263.1743730545503
1663,234.28043221535438
1664,271.33320507035444
1665,244.4763368810853
1666,252.88544991752377
1667,243.85417948562574
1668,271.96474021101227
1669,273.2192536810752
1670,252.13893278467975
1671,274.30395450117845
1672,255.19203827254137
1673,253.32333678652034
1674,284.1350230044142
1675,271.821363493552
1676,290.1329305996026
1677,252.1180022657337
1678,-212.4646188427544
1679,307.4264370457191
1680,297.5095003200545
1681,265.09130914665786
1682,228.41528856644783
1683,278.5860069650787
1684,242.75143446686533
1685,255.56624523666238
1686,246.72852410274015
1687,292.214892191978
1688,233.21208122954354
1689,-338.97600989160503
1690,265.9429823276848
1691,232.2540315358322
1692,233.86243836876224
1693,279.83678347712566
1694,271.89417026589115
1695,263.69418360572246
1696,160.77791501047753
1697,267.98559095334804
1698,281.8279379574775
1699,298.57672160700577
1700,299.78233384903297
1701,257.9030671236003
1702,283.363366104736
1703,280.57552226881955
1704,281.5016391326244
1705,247.73835405526765
1706,264.7718780884489
1707,243.43590408161188
1708,295.52022376799573
1709,250.7570172806007
1710,236.98731646537706
1711,262.6061265291189
1712,225.21204472871716
1713,215.84967890416496
1714,234.94422512064313
1715,230.07381648032901
1716,232.15265782184272
1717,259.07878383020284
1718,267.1576521776485
1719,238.96323495481815
1720,283.94784206403665
1721,268.538318232626
1722,238.64622099331112
1723,236.42699473239958
1724,224.68960437012424
1725,250.3437220662256
1726,285.0442458721446
1727,247.01555689716722
1728,271.9422327418413
1729,45.76052474909093
1730,230.5879424590205
1731,208.50828114046237
1732,198.43877233385444
1733,259.8087999199761
1734,19.68537721001313
1735,251.8776942144128
1736,234.45879592845762
1737,257.87403453714745
1738,285.87419281547335
1739,271.90302195492757
1740,276.25606128786006
1741,272.86802529821466
1742,265.11470810793435
1743,252.02282158132263
1744,275.11462202135715
1745,289.93724481962175
1746,245.06589142576402
1747,254.8519770530319
1748,214.93627333859973
1749,283.9854627288988
1750,247.40591743766188
1751,-38.18331843555883
1752,227.4901250904993
1753,264.1994097837077
1754,249.67604771000944
1755,250.62007968044122
1756,268.8454520313186
1757,221.51448126051545
1758,258.8618993072014
1759,-104.87483753122606
1760,236.44433117326037
1761,275.1274157061423
1762,238.20009153150673
1763,251.96148660559822
1764,282.62495215396393
1765,247.96397514209048
1766,276.6556623150351
1767,273.53608358082715
1768,247.96209536408762
1769,269.121817368121
1770,251.1811439402005
1771,253.1094837510003
1772,295.8674602385554
1773,255.63210973459582
1774,-61.114598945271695
1775,232.2213881887924
1776,252.8853415964418
1777,249.3475570171473
1778,-46.69453968088028
1779,274.51152319161326
1780,259.4872574261026
1781,276.79968354570974
1782,263.56751745270844
1783,-17.59176240065287
1784,223.66265999823443
1785,282.93023094154137
1786,255.26864335615883
1787,261.83958639866046
1788,231.26867347794914
1789,206.63535350177528
1790,134.16062827725386
1791,200.93927718167743
1792,211.72588230946235
1793,-22.39996128280754
1794,212.80618744494774
1795,238.45315010884644
1796,239.6102162061818
1797,245.2647020333345
1798,301.8988864409478
1799,-1.1977105126015601
1800,265.99052377396976
1801,231.02979387744108
1802,160.97899575074436
1803,259.3223456147027
1804,249.6173429366885
1805,259.05342493120196
1806,228.93919683929784
1807,251.09013177222482
1808,243.20562952391697
1809,270.76342373643513
1810,242.2871564749073
1811,271.8948854641085
1812,247.31391968031548
1813,263.8963682102941
1814,205.46961152972045
1815,309.44359478859064
1816,209.01897183964047
1817,212.1940801984311
1818,279.4407108199194
1819,284.5902579230163
1820,273.1141073536978
1821,247.23962868293196
1822,240.51613563619296
1823,239.20382450505605
1824,261.0284649337791
1825,232.1963036879942
1826,261.8989895377148
1827,232.39446168221306
1828,271.67988420522715
1829,273.38988039321816
1830,274.9593119700529
1831,265.4486657180655
1832,290.092999799957
1833,246.76459237301387
1834,279.3755855918266
1835,268.5090344452018
1836,251.05133324848055
1837,284.50246255699244
1838,269.405871163003
1839,233.15999159497312
1840,257.3719484420959
1841,270.10717661150727
1842,261.76673410616536
1843,286.9053242339722
1844,284.8337347611479
1845,222.3203446146963
1846,259.55458105510445
1847,302.0870436430122
1848,260.02508079646293
1849,262.1985708257947
1850,280.06558989074813
1851,245.7463766676201
1852,300.5983185255417
1853,274.66578532673043
1854,245.21924361291872
1855,248.38937468399186
1856,247.9323366991008
1857,240.6230731612175
1858,267.80190328987953
1859,279.70132523823554
1860,249.01353881827393
1861,245.32581536448646
1862,269.50583720028476
1863,273.470458009513
1864,236.60930049335377
1865,257.1281140468154
1866,277.15794319471775
1867,269.68588041794715
1868,277.6892603398504
1869,250.8457537073378
1870,255.84580033644204
1871,262.0899438510752
1872,249.56239623662094
1873,270.0699303308578
1874,251.0060656730996
1875,273.45738532559557
1876,257.47405441496323
1877,236.79385075908627
1878,272.6311554021262
1879,238.332723174187
1880,263.26819206423784
1881,275.45400009024735
1882,284.8413648702666
1883,260.9667254929167
1884,274.6011546926977
1885,266.1390860511645
1886,260.92339191264904
1887,274.47467348339603
1888,278.74641087047706
1889,270.5015594969239
1890,266.8774995961851
1891,263.223655855111
1892,263.81267435671157
1893,293.709481272313
1894,278.4128196744026
1895,242.03964647461393
1896,232.73846829159456
1897,260.6665989948964
1898,270.14453611895925
1899,246.72621841598857
1900,262.70176167127215
1901,271.34945485965255
1902,271.07877373049394
1903,269.117636146162
1904,266.8823790147185
1905,271.5594337160022
1906,305.7751626225628
1907,286.4441033163684
1908,274.1371028296231
1909,254.52031899209885
1910,253.6116922079158
1911,289.05156557528665
1912,257.03789924674913
1913,266.42380504025203
1914,241.27706489050252
1915,292.07319201841585
1916,260.1809197801384
1917,298.99129113447395
1918,252.63790997767995
1919,256.9336899474402
1920,248.63240991419238
1921,273.7672421777475
1922,242.9683032888844
1923,235.69341910261605
1924,274.3213857337799
1925,269.9639843898718
1926,252.0843420701763
1927,286.36393295263713
1928,253.1653994799417
1929,274.93648284557594
1930,270.2455288578783
1931,285.27316135066474
1932,281.3459065824435
1933,263.9054705497381
1934,275.86947397050494
1935,281.77326867318743
1936,256.1497609823739
1937,290.20549676716143
1938,261.1700415831031
1939,276.59205872932876
1940,250.04313177752934
1941,276.6683046846243
1942,287.61805237524084
1943,260.30428742322
1944,313.64144443758266
1945,256.7198899995148
1946,241.66094201044527
1947,273.97531517664333
1948,252.7657576051832
1949,289.98799758318364
1950,288.5508606460837
1951,284.68270838444363
1952,270.99184517039475
1953,237.23063282580574
1954,306.2742034943489
1955,256.12594687338327
1956,276.31029220342214
1957,272.58534892714823
1958,293.5831095772594
1959,254.68250829591105
1960,299.688981726531
1961,257.59739904551145
1962,239.22581323704293
1963,305.31267756691614
1964,272.7607184256954
1965,259.9578687877861
1966,275.10705147540057
1967,270.4024945898804
1968,284.962082744501
1969,276.7637887547902
1970,311.4493999481746
1971,276.1705167651795
1972,279.5841122626615
1973,266.43158203098824
1974,271.89619097070437
1975,248.97971991636715
1976,296.00424841782615
1977,288.7571596579737
1978,251.52446498492966
1979,262.1200290019304
1980,310.2775394039858
1981,240.05565497507726
1982,258.58696015067534
1983,251.84965958020564
1984,290.78533551362955
1985,292.9249626990048
1986,253.83168582002705
1987,296.9606897616554
1988,289.906404328032
1989,269.55451723722246
1990,277.6500624860054
1991,277.52726792342224
1992,242.1325603818982
1993,272.29782999011366
1994,297.15087119368025
1995,258.6016733366878
1996,237.98244352463885
1997,243.90594325009067
1998,290.6986731693258
1999,267.4262234281184
2000,235.36205115216885
